MediaKey,Exists
Blue Media - New Assets folder/New Assets/Wandering: A Rohingya Story/Trailer/WAN_TRL_HI-XX_PRORES422HQ_HD_24FPS_ST_240627-001.mov,true
Blue Media - New Assets folder/New Assets/Wandering: A Rohingya Story/Trailer/TLR-20240722T100513Z-002/TLR/WANDERING_TRL_SUBS_EN_24FPS_240627.srt,true
Blue Media - New Assets folder/New Assets/Wandering: A Rohingya Story/Main Feature/WANDERING_FTR_HI-XX_PR422HQ_HD_24FPS_20_240627.mov,true
Blue Media - New Assets folder/New Assets/Wandering: A Rohingya Story/Main Feature/WANDERING_FTR_SUBS_EN_24FPS_240627.srt,true
Blue Media - New Assets folder/New Assets/Wandering: A Rohingya Story/Artwork/THUMBNAILS/WANDERING_THUMBNAILS_FEATURED_LARGE_1239X609_240627.jpg,true
Blue Media - New Assets folder/New Assets/Wandering: A Rohingya Story/Artwork/THUMBNAILS/WANDERING_THUMBNAILS_FEATURED_SMALL_599X337_240627.jpg,true
Blue Media - New Assets folder/New Assets/Wandering: A Rohingya Story/Artwork/THUMBNAILS/WANDERING_THUMBNAILS_LARGE_334X188_240627.jpg,true
Blue Media - New Assets folder/New Assets/Wandering: A Rohingya Story/Artwork/THUMBNAILS/WANDERING_THUMBNAILS_PREVIEW_LARGE_1239X609_240627.jpg,true
Blue Media - New Assets folder/New Assets/Wandering: A Rohingya Story/Artwork/THUMBNAILS/WANDERING_THUMBNAILS_PREVIEW_SMALL_599X337_240627.jpg,true
Blue Media - New Assets folder/New Assets/Wandering: A Rohingya Story/Artwork/THUMBNAILS/WANDERING_THUMBNAILS_SMALL_280X158_240627.jpg,true
Blue Media - New Assets folder/New Assets/Wandering: A Rohingya Story/Artwork/THUMBNAILS/WANDERING_TITLE_LARGE_496X228_240627.png,true
Blue Media - New Assets folder/New Assets/Wandering: A Rohingya Story/Artwork/THUMBNAILS/WANDERING_TITLE_SMALL_239X110_240627.png,true
Blue Media - New Assets folder/New Assets/Holding on to Life /UMUDATUTUNMAK-ENG-4K.mov,true
Blue Media - New Assets folder/New Assets/Holding on to Life /UMUDATUTUNMAK-ENG-HD.mp4,true
Blue Media - New Assets folder/New Assets/Never Leave Me/NeverLeaveMe-Promo.mp4,false
Blue Media - New Assets folder/New Assets/Never Leave Me/Never Leave me_exported_ENG.srt,true
Blue Media - New Assets folder/New Assets/Never Leave Me/Never Leave Me - Trailer 2K - Dubbed.mov,true
Blue Media - New Assets folder/New Assets/Never Leave Me/Never Leave Me - Trailer 2K - Subtitled.mov,true
Blue Media - New Assets folder/New Assets/Never Leave Me/Never Leave Me - Trailer (English Subtitled).mp4,true
Blue Media - New Assets folder/New Assets/Never Leave Me/Never Leave Me - Trailer (Turkish Dubbed).mp4,true
Blue Media - New Assets folder/New Assets/Never Leave Me/Never Leave Me - Trailer (Turkish Subtitled).mp4,true
Blue Media - New Assets folder/New Assets/Never Leave Me/NeverLeaveMe_PRORES422HQ24p_​12StFMtr.mov,true
Blue Media - New Assets folder/New Assets/Suveyda/SUVEYDA_Film_ FLİGRANLI SANSÜRSÜZ MX FORMAT ORİJİNAL 25fps_1080i._EN(1).srt,true
Blue Media - New Assets folder/New Assets/Suveyda/SUVEYDA_H264_1920X1080.mp4,true
Blue Media - New Assets folder/New Assets/Watan/watan____trailer (1080p).mp4,true
Blue Media - New Assets folder/New Assets/Watan/ARTWORK/watan_featured_small.jpg,true
Blue Media - New Assets folder/New Assets/Watan/ARTWORK/watan_title_small.jpg,true
Blue Media - New Assets folder/New Assets/Watan/ARTWORK/watan_title_large.jpg,true
Blue Media - New Assets folder/New Assets/Watan/ARTWORK/watan_thumbnail_small.jpg,true
Blue Media - New Assets folder/New Assets/Watan/ARTWORK/watan_thumbnail_large.jpg,true
Blue Media - New Assets folder/New Assets/Watan/ARTWORK/watan_preview_small.jpg,true
Blue Media - New Assets folder/New Assets/Watan/ARTWORK/watan_preview_large.jpg,true
Blue Media - New Assets folder/New Assets/Watan/ARTWORK/watan_featured_large.jpg,true
Blue Media - New Assets folder/New Assets/Watan/Watan_English Subs.srt,true
Blue Media - New Assets folder/New Assets/Watan/Watan_ProRes422_1920x1080_51min.mov,true