MediaKey,AssetID,Exists
Kino i/SOULFUL REMEMBRANCE/EXTRACT/Soulful Remembrance_Extract_SingleLogo.mov,4fad6d58-3101-40b9-b128-ff854a663fbd,true
Kino i/SOULFUL REMEMBRANCE/EXTRACT/Soulful Remembrance_Extract_DoubleLogo.mov,ca90b5bc-bf73-4d00-9430-afe7c3ee48e4,true
Kino i/SOULFUL REMEMBRANCE/ZIKIR_FINAL/FHD/ZIKIR 6 RABBANA_FHD_ProRes422HQ.mov,90e32c78-7ad8-43f6-8a0b-7b5c7627728e,true
Kino i/SOULFUL REMEMBRANCE/ZIKIR_FINAL/FHD/ZIKIR 5_FHD_ProRes422HQ.mov,91c55a51-1cfc-4cf8-9aef-c9eb3993aa0b,true
Kino i/SOULFUL REMEMBRANCE/ZIKIR_FINAL/FHD/ZIKIR 4_FHD_ProRes422HQ.mov,cd1254c4-c860-429d-8eed-1194fb67e9bc,true
Kino i/SOULFUL REMEMBRANCE/ZIKIR_FINAL/FHD/ZIKIR 3_FHD_ProRes422HQ.mov,92503139-5103-4c8f-928f-24d17c8de5c5,true
Kino i/SOULFUL REMEMBRANCE/ZIKIR_FINAL/FHD/ZIKIR 2_FHD_ProRes422HQ.mov,1cff36f7-136d-4598-b929-799a167e5b22,true
Kino i/SOULFUL REMEMBRANCE/ZIKIR_FINAL/FHD/ZIKIR 1_FHD_ProRes422HQ.mov,290b7c38-7b04-471c-b715-d38bd3e31aee,true
Kino i/SOULFUL REMEMBRANCE/ZIKIR_FINAL/UHD/ZIKIR 1_UHD_ProRes422HQ.mov,162787e8-3ea7-43ae-b28b-ff2e8f8e7355,true
Kino i/SOULFUL REMEMBRANCE/ZIKIR_FINAL/UHD/ZIKIR 6 RABBANA_UHD_ProRes422HQ.mov,b943f350-a2bb-4010-8d29-323d81a6ed8c,true
Kino i/SOULFUL REMEMBRANCE/ZIKIR_FINAL/UHD/ZIKIR 5_UHD_ProRes422HQ.mov,613c7b80-a2e2-4842-8a4f-53df74e756cd,true
Kino i/SOULFUL REMEMBRANCE/ZIKIR_FINAL/UHD/ZIKIR 4_UHD_ProRes422HQ.mov,5fec3f55-0ba2-408a-81e7-027504235791,true
Kino i/SOULFUL REMEMBRANCE/ZIKIR_FINAL/UHD/ZIKIR 3_UHD_ProRes422HQ.mov,56bb7eae-5431-4e7d-a553-9864174b1058,true
Kino i/SOULFUL REMEMBRANCE/ZIKIR_FINAL/UHD/ZIKIR 2_UHD_ProRes422HQ.mov,2cbad5fb-0a24-404a-acde-2ae07a2dc24d,true
Kino i/DUAS PROJECT UHD BATCH 2/DUA 132_UHD_TEXTLESS.mov,8dfd14ff-ce09-4c23-82d1-84eafb9ccc31,true
Kino i/DUAS PROJECT UHD BATCH 2/DUA 132_UHD_TEXTED.mov,c95193d7-1b21-4501-a092-91e54c8b7469,true
Kino i/DUAS PROJECT UHD BATCH 2/DUA 122_UHD_TEXTLESS.mov,46bf7b56-662a-4714-8496-c2198765c987,true
Kino i/DUAS PROJECT UHD BATCH 2/DUA 122_UHD_TEXTED.mov,074434ef-86d5-4ffb-a4cd-d2cd3d04a740,true
Kino i/DUAS PROJECT UHD BATCH 2/DUA 121_UHD_TEXTLESS.mov,e67a53d4-0f41-4818-b0ed-06e3d09ede00,true
Kino i/DUAS PROJECT UHD BATCH 2/DUA 121_UHD_TEXTED.mov,fd4957ad-55a8-4700-8ac8-c6eb7b0650c0,true
Kino i/DUAS PROJECT UHD BATCH 2/DUA 120_UHD_TEXTLESS.mov,3dfe89f8-8755-415b-94ac-6a217b67010b,true
Kino i/DUAS PROJECT UHD BATCH 2/DUA 120_UHD_TEXTED.mov,60e7ec15-8f3e-4ab4-8841-2b0e9890b810,true
Kino i/DUAS PROJECT UHD BATCH 2/DUA 113_UHD_TEXTLESS.mov,4f36418f-ab47-43f8-9a38-2ad5aaaf8965,true
Kino i/DUAS PROJECT UHD BATCH 2/DUA 113_UHD_TEXTED.mov,09901c88-e17b-4f0d-9da9-332e8d545645,true
Kino i/DUAS PROJECT UHD BATCH 2/DUA 111_UHD_TEXTLESS.mov,34799ef9-0e59-4bc1-9043-7a79d906fe34,true
Kino i/DUAS PROJECT UHD BATCH 2/DUA 111_UHD_TEXTED.mov,50f47e47-980d-4dea-84ae-8b0d5971cd4a,true
Kino i/DUAS PROJECT UHD BATCH 2/DUA 109_UHD_TEXTLESS.mov,7ce7e7a9-4c98-40bc-a462-dc3b0f95b305,true
Kino i/DUAS PROJECT UHD BATCH 2/DUA 109_UHD_TEXTED.mov,250924e8-7f58-40b7-aaa7-9ab9385311e9,true
Kino i/DUAS PROJECT UHD BATCH 2/DUA 105_UHD_TEXTLESS.mov,c6fa804a-48ac-4912-8cf9-6de1badeb62a,true
Kino i/DUAS PROJECT UHD BATCH 2/DUA 105_UHD_TEXTED.mov,f4b5a786-be1d-4eec-a85f-35a35ac90be1,true
Kino i/DUAS PROJECT UHD BATCH 2/DUA 104_UHD_TEXTLESS.mov,153a5b21-3b94-4b53-9a2e-7fa9df6ce743,true
Kino i/DUAS PROJECT UHD BATCH 2/DUA 104_UHD_TEXTED.mov,a18a077b-cee2-453a-b827-f96ec4d2fa49,true
Kino i/DUAS PROJECT UHD BATCH 2/DUA 59_UHD_TEXTLESS.mov,6bff6954-b08c-4d21-b851-b86ca7f67000,true
Kino i/DUAS PROJECT UHD BATCH 2/DUA 59_UHD_TEXTED.mov,fb757412-3851-4bcd-8cf4-23f9a47c9f3f,true
Kino i/DUAS PROJECT UHD BATCH 2/DOA HARIAN - DUAS BATCH 2.pdf,07df8981-e3b8-42ac-bf12-05ef49d75801,true
Kino i/DUAS PROJECT UHD BATCH 5/DUA 102_UHD_TEXTLESS.mov,596988e8-d801-498a-b12c-d5b6f6341237,true
Kino i/DUAS PROJECT UHD BATCH 5/DUA 102_UHD_TEXTED.mov,f64db11d-0212-4bfd-b89a-4dffe0d9c059,true
Kino i/DUAS PROJECT UHD BATCH 5/DUA 100_UHD_TEXTLESS.mov,7e939e57-914c-4854-9acc-41ffb73b2bb1,true
Kino i/DUAS PROJECT UHD BATCH 5/DUA 100_UHD_TEXTED.mov,c28caa3b-fc77-462d-9874-01c27a862f0b,true
Kino i/DUAS PROJECT UHD BATCH 5/DUA 90_UHD_TEXTLESS.mov,08f37497-c6a4-48bd-8a98-b0d9e0750a22,true
Kino i/DUAS PROJECT UHD BATCH 5/DUA 90_UHD_TEXTED.mov,22061f94-19cf-4db7-b60f-83719a55a07b,true
Kino i/DUAS PROJECT UHD BATCH 5/DUA 88_UHD_TEXTLESS.mov,b6fdd6e9-fcb9-4cef-8dd7-ed14019d3161,true
Kino i/DUAS PROJECT UHD BATCH 5/DUA 88_UHD_TEXTED.mov,b121833d-2ca5-46c7-aff0-1696723a6e1f,true
Kino i/DUAS PROJECT UHD BATCH 5/DUA 84_UHD_TEXTLESS.mov,c5a7ea41-8834-4b0a-bda6-3e91032e5b91,true
Kino i/DUAS PROJECT UHD BATCH 5/DUA 84_UHD_TEXTED.mov,fa5dc4f4-c165-4cc1-8323-ffd5e8b984a8,true
Kino i/DUAS PROJECT UHD BATCH 5/DUA 83_UHD_TEXTLESS.mov,7f7cd46b-60e9-420d-a8c6-fcefc9e0e976,true
Kino i/DUAS PROJECT UHD BATCH 5/DUA 83_UHD_TEXTED.mov,d03649bc-77df-463c-a0e3-4d800c69b6df,true
Kino i/DUAS PROJECT UHD BATCH 5/DUA 82_UHD_TEXTLESS.mov,eb7b0449-af64-4f92-9418-90be6a63874f,true
Kino i/DUAS PROJECT UHD BATCH 5/DUA 82_UHD_TEXTED.mov,bd2b9f6a-46b0-4805-9d61-916a5871f168,true
Kino i/DUAS PROJECT UHD BATCH 5/DUA 79_UHD_TEXTLESS.mov,f36008bb-a182-4445-8c41-4a592317f3e2,true
Kino i/DUAS PROJECT UHD BATCH 5/DUA 79_UHD_TEXTED.mov,1b9a151e-e4f7-48ae-bc78-82afebe253c2,true
Kino i/DUAS PROJECT UHD BATCH 5/DUA 72_UHD_TEXTLESS.mov,46b943ec-c8b2-4df2-908b-f09f6a5d8aaf,true
Kino i/DUAS PROJECT UHD BATCH 5/DUA 72_UHD_TEXTED.mov,7321052b-6dbc-4ca4-ad04-192d8101283a,true
Kino i/DUAS PROJECT UHD BATCH 5/DUA 39_UHD_TEXTLESS.mov,ca266f76-493e-4c0c-91ef-add80e604b8a,true
Kino i/DUAS PROJECT UHD BATCH 5/DUA 39_UHD_TEXTED.mov,b61ca89c-3172-4819-83a7-86596e5bd1ef,true
Kino i/DUAS PROJECT UHD BATCH 5/DOA HARIAN - DUAS BATCH 5.pdf,9c7f3ef4-e2c8-4a59-90aa-b0e862a397cf,true
Kino i/DUA - Morning & Night/Texted/DUA 102_UHD_TEXTED.mov,e64b02a2-d583-4e26-8f03-cd85bbee4487,true
Kino i/DUA - Morning & Night/Texted/DUA 101_UHD_TEXTED.mov,afe1b7a4-53c5-47bb-b04f-d9cf62f72559,true
Kino i/DUA - Morning & Night/Texted/DUA 100_UHD_TEXTED.mov,c44e501e-2ba1-4bc1-81b0-559b2b6088ff,true
Kino i/DUA - Morning & Night/Texted/DUA 98_UHD_TEXTED.mov,3b11a7c4-78b2-4a80-ae99-10bf12766de6,true
Kino i/DUA - Morning & Night/Texted/DUA 93_UHD_TEXTED.mov,f1ab4ec8-708c-4482-975f-adaf90c61071,true
Kino i/DUA - Morning & Night/Texted/DUA 90_UHD_TEXTED.mov,ea90f35a-e484-4dff-b0c8-7e330dd6ef8b,true
Kino i/DUA - Morning & Night/Texted/DUA 94_UHD_TEXTED.mov,10b3c666-19a4-4409-8e08-b319e8211a51,true
Kino i/DUA - Morning & Night/Texted/DUA 88_UHD_TEXTED.mov,a81d3a79-c9df-43dc-8e88-56ada25ce2d4,true
Kino i/DUA - Morning & Night/Texted/DUA 78_UHD_TEXTED.mov,0ae31d9c-0eac-437a-8266-984e2832a2eb,true
Kino i/DUA - Morning & Night/Texted/DUA 73_UHD_TEXTED.mov,d328273c-b090-4e18-965f-cdde65198ddc,true
Kino i/DUA - Morning & Night/Texted/DUA 84_UHD_TEXTED.mov,98b1e0f5-c1a1-4df3-9080-e1d5c37286a7,true
Kino i/DUA - Morning & Night/Texted/DUA 83_UHD_TEXTED.mov,bd5d531c-37d0-4979-8770-79eb44e41aec,true
Kino i/DUA - Morning & Night/Texted/DUA 111_UHD_TEXTED.mov,b6b0228b-52a5-4d21-a5de-e13ff808e3b7,true
Kino i/DUA - Morning & Night/Texted/DUA 112_UHD_TEXTED.mov,5c9ea367-8495-4b46-aeb9-fbfe050e4e6b,true
Kino i/DUA - Morning & Night/Texted/DUA 108_UHD_TEXTED.mov,8b16f92a-dc79-433e-9142-dc1182b2e44f,true
Kino i/DUA - Morning & Night/Texted/DUA 85_UHD_TEXTED.mov,b242a445-0359-470e-a0ab-056e86d57743,true
Kino i/DUA - Morning & Night/Texted/DUA 109_UHD_TEXTED.mov,a61d06f5-fb7e-4c39-a5b9-ecd8d5136470,true
Kino i/DUA - Morning & Night/Texted/DUA 82_UHD_TEXTED.mov,3b0b6df3-b847-4f60-b7ea-ad9435896dca,true
Kino i/DUA - Morning & Night/Texted/DUA 81_UHD_TEXTED.mov,b200510f-fc1e-45c4-8c65-c78e940514fe,true
Kino i/DUA - Morning & Night/Texted/DUA 107_UHD_TEXTED.mov,408ef60d-c1b8-41a3-8737-b433aa61feb7,true
Kino i/DUA - Morning & Night/Texted/DUA 105_UHD_TEXTED.mov,3e794dac-8192-46a2-88fb-566ec9b1e732,true
Kino i/DUA - Morning & Night/Texted/DUA 104_UHD_TEXTED.mov,f83b6939-33bf-47fc-b0eb-c34d4c8c34ee,true
Kino i/DUA - Morning & Night/Texted/DUA 77_UHD_TEXTED.mov,1214cdfc-09cd-46e8-8584-1182c760b53c,true
Kino i/DUA - Morning & Night/Texted/DUA 103_UHD_TEXTED.mov,f249ac51-044b-4079-8c12-128fefcda46c,true
Kino i/DUA - Morning & Night/Texted/DUA 02_UHD_TEXTED.mov,4de20118-2aff-4973-87cb-e0af1b85f56f,true
Kino i/DUA - Morning & Night/Texted/DUA 01_UHD_TEXTED.mov,bd42398a-230e-440e-b7df-7b9f7621d651,true
Kino i/DUA - Morning & Night/Textless/DUA 101_UHD_TEXTLESS.mov,a0d44ac3-5b61-4657-8353-2e650aa97a84,true
Kino i/DUA - Morning & Night/Textless/DUA 102_UHD_TEXTLESS.mov,1504dc9d-1eed-44fa-8aaa-f1d4d1f03b13,true
Kino i/DUA - Morning & Night/Textless/DUA 100_UHD_TEXTLESS.mov,31804276-dd1b-4776-aa76-5bd0820ef5df,true
Kino i/DUA - Morning & Night/Textless/DUA 98_UHD_TEXTLESS.mov,25dccb06-63a4-4d07-9a28-c504f4829f64,true
Kino i/DUA - Morning & Night/Textless/DUA 94_UHD_TEXTLESS.mov,b979d301-8be4-470f-8b9f-2e7d606b99e2,true
Kino i/DUA - Morning & Night/Textless/DUA 90_UHD_TEXTLESS.mov,487d64b6-3236-4c15-80c8-961c143e61f6,true
Kino i/DUA - Morning & Night/Textless/DUA 93_UHD_TEXTLESS.mov,5c4c0f4a-f4fe-4f43-8e83-8c84e84c314d,true
Kino i/DUA - Morning & Night/Textless/DUA 78_UHD_TEXTLESS.mov,b6b22197-3788-40fc-a4c2-198703087747,true
Kino i/DUA - Morning & Night/Textless/DUA 88_UHD_TEXTLESS.mov,7ff30e2a-d27d-4759-8f52-163502edc841,true
Kino i/DUA - Morning & Night/Textless/DUA 73_UHD_TEXTLESS.mov,fdbfb91b-5867-4d2d-9eed-0fdcda61532e,true
Kino i/DUA - Morning & Night/Textless/DUA 84_UHD_TEXTLESS.mov,1ce500b1-6b22-49ad-99dc-9b42990ef95f,true
Kino i/DUA - Morning & Night/Textless/DUA 112_UHD_TEXTLESS.mov,bce4712e-8b97-46d3-812a-0362f4954750,true
Kino i/DUA - Morning & Night/Textless/DUA 83_UHD_TEXTLESS.mov,b8373b2b-01e8-42a4-9e89-62d9e6bdb1f3,true
Kino i/DUA - Morning & Night/Textless/DUA 111_UHD_TEXTLESS.mov,835618a4-15e6-4f5a-914a-05352e885c74,true
Kino i/DUA - Morning & Night/Textless/DUA 109_UHD_TEXTLESS.mov,28316bfa-42ed-448a-87b4-6b30a8f0b4e8,true
Kino i/DUA - Morning & Night/Textless/DUA 108_UHD_TEXTLESS.mov,8fe639f3-0ce9-48bf-94ab-e637b66a756d,true
Kino i/DUA - Morning & Night/Textless/DUA 85_UHD_TEXTLESS.mov,37f2171b-d251-4420-ae9e-a9e51a203a82,true
Kino i/DUA - Morning & Night/Textless/DUA 82_UHD_TEXTLESS.mov,625d5eba-3e71-4f47-97ce-a3a2c655a145,true
Kino i/DUA - Morning & Night/Textless/DUA 81_UHD_TEXTLESS.mov,da7c3150-0d79-4af8-b0b5-f6e709d97a96,true
Kino i/DUA - Morning & Night/Textless/DUA 105_UHD_TEXTLESS.mov,cce04f51-5531-47f2-a4ff-fb835312ba5d,true
Kino i/DUA - Morning & Night/Textless/DUA 107_UHD_TEXTLESS.mov,9e2456f8-7d84-4fc4-af62-98fc771bf4cb,true
Kino i/DUA - Morning & Night/Textless/DUA 77_UHD_TEXTLESS.mov,5596f681-c1e4-4a39-ba98-bc7a3a6be5c1,true
Kino i/DUA - Morning & Night/Textless/DUA 104_UHD_TEXTLESS.mov,362ded6b-fc86-4620-a486-88f2b12f5418,true
Kino i/DUA - Morning & Night/Textless/DUA 02_UHD_TEXTLESS.mov,32027908-8ae7-4a68-9fe4-5fed25dc70e8,true
Kino i/DUA - Morning & Night/Textless/DUA 01_UHD_TEXTLESS.mov,957c3e8b-b296-4e1d-a7f6-42d04817fcc4,true
Kino i/DUA - Morning & Night/Textless/DUA 103_UHD_TEXTLESS.mov,561b2889-e008-470c-b5dc-19847bf876a1,true
Kino i/DUAS PROJECT UHD BATCH 1/DUA 123_UHD_TEXTLESS.mov,0e61382d-dee2-49e9-8356-e0e248ff9d70,true
Kino i/DUAS PROJECT UHD BATCH 1/DUA 123_UHD_TEXTED.mov,2fc19b95-7415-4de5-90f1-d4467ee7f763,true
Kino i/DUAS PROJECT UHD BATCH 1/DUA 97_UHD_TEXTLESS.mov,2a7f719a-fab9-437a-b046-72971e9dffa9,true
Kino i/DUAS PROJECT UHD BATCH 1/DUA 97_UHD_TEXTED.mov,0c3ffbf4-5a42-4f36-ad74-d4a7b2142282,true
Kino i/DUAS PROJECT UHD BATCH 1/DUA 32_UHD_TEXTLESS.mov,90a22be4-c12b-4edf-9dc6-6c4bf9afa9b6,true
Kino i/DUAS PROJECT UHD BATCH 1/DUA 32_UHD_TEXTED.mov,1c973b72-80fa-4516-ac61-cde4886d3600,true
Kino i/DUAS PROJECT UHD BATCH 1/DUA 25_UHD_TEXTLESS.mov,d916c088-e06a-4e24-a7a3-afdcf0e9fcc3,true
Kino i/DUAS PROJECT UHD BATCH 1/DUA 25_UHD_TEXTED.mov,f6c742ca-d0b7-4930-9274-d9d27bfab12a,true
Kino i/DUAS PROJECT UHD BATCH 1/DUA 20_UHD_TEXTLESS.mov,2cb3d29a-d4f2-4b0e-a161-497d5433894e,true
Kino i/DUAS PROJECT UHD BATCH 1/DUA 20_UHD_TEXTED.mov,82fc26d3-5ae7-432a-9415-995981b9b9ac,true
Kino i/DUAS PROJECT UHD BATCH 1/DUA 18_UHD_TEXTLESS.mov,00dcb0d1-544d-48b5-aa8a-a14942ca51a2,true
Kino i/DUAS PROJECT UHD BATCH 1/DUA 18_UHD_TEXTED.mov,86968ee7-7564-4034-83ee-1fb512bf87d0,true
Kino i/DUAS PROJECT UHD BATCH 1/DOA HARIAN - DUAS BATCH 1.pdf,8d51c3f0-924d-412b-a192-71e8506e78a0,true
Kino i/DUAS PROJECT UHD BATCH 1/DUA 16_UHD_TEXTLESS.mov,6653199f-c38e-4a68-97a9-2cb8e0041883,true
Kino i/DUAS PROJECT UHD BATCH 1/DUA 16_UHD_TEXTED.mov,cc170d9b-d2b6-43bd-900c-4834c0e8c089,true
Kino i/DUAS PROJECT UHD BATCH 1/DUA 15_UHD_TEXTLESS.mov,6fbb49fa-9770-4cf0-a326-7ee39f1a516b,true
Kino i/DUAS PROJECT UHD BATCH 1/DUA 15_UHD_TEXTED.mov,bda1ffeb-f2fa-4abc-8e48-7e62a04769c5,true
Kino i/DUAS PROJECT UHD BATCH 1/DUA 02_UHD_TEXTLESS.mov,08145b1c-c5c2-4876-9cdb-c8b045d74665,true
Kino i/DUAS PROJECT UHD BATCH 1/DUA 02_UHD_TEXTED.mov,e521ff52-af90-4890-ae22-6ee0068d236b,true
Kino i/DUAS PROJECT UHD BATCH 1/DUA 01_UHD_TEXTLESS.mov,117bfc69-18af-43fc-b304-39c2c23b3908,true
Kino i/DUAS PROJECT UHD BATCH 1/DUA 01_UHD_TEXTED.mov,d6caaddd-5236-4104-b7e6-4b8314856a66,true
Kino i/ASMAUL HUSNA/MASTERS/TRAILER/Asmaul Husna Trailer Single Logo Master.mov,0968d489-bdef-4601-9397-840ba6bf402b,true
Kino i/ASMAUL HUSNA/MASTERS/TRAILER/Asmaul Husna Trailer Dual Logo Master.mov,aeac1127-9406-4d92-bc8c-ef443557e930,true
Kino i/ASMAUL HUSNA/MASTERS/ASMAUL HUSNA_FHD_SONIC BRANDING.mov,9b0a27cd-b877-4a7f-b2bd-73464a4cdf1b,true
Kino i/ASMAUL HUSNA/MASTERS/ASMAUL HUSNA_FHD_CTA LOGO.mov,2f968ca6-8a29-48e3-83b5-361ba3fc0e2a,true
Kino i/DUAS PROJECT UHD BATCH 6/DUA 67_UHD_TEXTLESS.mov,ffd0b991-3e1a-4624-9f0a-7ca03c12c850,true
Kino i/DUAS PROJECT UHD BATCH 6/DUA 67_UHD_TEXTED.mov,8594d143-7be8-48c3-84a6-981e4e288589,true
Kino i/DUAS PROJECT UHD BATCH 6/DUA 66_UHD_TEXTLESS.mov,f563939e-e9b1-4f22-ad55-5d25af480f88,true
Kino i/DUAS PROJECT UHD BATCH 6/DUA 66_UHD_TEXTED.mov,441408ea-a481-4b57-9798-111a51e6728a,true
Kino i/DUAS PROJECT UHD BATCH 6/DUA 60_UHD_TEXTLESS.mov,131768ce-fdcf-47e3-a2ab-13fd14cc9eb0,true
Kino i/DUAS PROJECT UHD BATCH 6/DUA 60_UHD_TEXTED.mov,605eb781-b15f-4a6a-afee-f8b0a403b8de,true
Kino i/DUAS PROJECT UHD BATCH 6/DUA 57_UHD_TEXTLESS.mov,25dccd00-9d1b-4eec-9adc-d10b1ea6d500,true
Kino i/DUAS PROJECT UHD BATCH 6/DUA 57_UHD_TEXTED.mov,3753b5c3-d418-4374-b96f-3d398e3a9680,true
Kino i/DUAS PROJECT UHD BATCH 6/DUA 55_UHD_TEXTLESS.mov,af59a85e-1a0f-4799-88a4-ab1d65b8bcb6,true
Kino i/DUAS PROJECT UHD BATCH 6/DUA 55_UHD_TEXTED.mov,dabf57b8-b683-4351-9189-db685c3cb096,true
Kino i/DUAS PROJECT UHD BATCH 6/DUA 51_UHD_TEXTLESS.mov,c543419d-4081-465e-9a5f-3f3b050ca0be,true
Kino i/DUAS PROJECT UHD BATCH 6/DUA 51_UHD_TEXTED.mov,751982a3-a0e3-40a0-b885-8f31d5b57c77,true
Kino i/DUAS PROJECT UHD BATCH 6/DUA 50_UHD_TEXTLESS.mov,e796a79b-642a-4c91-8c4b-e7b59e5d5083,true
Kino i/DUAS PROJECT UHD BATCH 6/DUA 50_UHD_TEXTED.mov,3d524c24-8201-4390-93e7-96660e0a1ba4,true
Kino i/DUAS PROJECT UHD BATCH 6/DUA 47_UHD_TEXTLESS.mov,4330c1aa-38e1-497c-adaf-5816bc0017eb,true
Kino i/DUAS PROJECT UHD BATCH 6/DUA 47_UHD_TEXTED.mov,cbac2c04-9147-4ba7-a0d5-0b3e70f572c3,true
Kino i/DUAS PROJECT UHD BATCH 6/DUA 8_UHD_TEXTLESS.mov,6671587f-232a-40d6-b11c-2a98227c1bbe,true
Kino i/DUAS PROJECT UHD BATCH 6/DUA 8_UHD_TEXTED.mov,dc8b2ab4-f182-484c-bacb-1795d860b489,true
Kino i/DUAS PROJECT UHD BATCH 6/DUA 3_UHD_TEXTLESS.mov,f5994c8f-b3a4-499f-908b-24adf9cbcf18,true
Kino i/DUAS PROJECT UHD BATCH 6/DUA 3_UHD_TEXTED.mov,bfd243d5-533a-4af4-8afe-d8f334fcb16b,true
Kino i/DUAS PROJECT UHD BATCH 6/DOA HARIAN - DUAS BATCH 6.pdf,32ed369c-3f2c-4210-88a3-dc9a42f816d7,true
Kino i/DUAS PROJECT UHD BATCH 4/DUA 126_UHD_TEXTLESS.mov,9c7867ca-889e-4e33-8ddb-7e4044e1b05a,true
Kino i/DUAS PROJECT UHD BATCH 4/DUA 126_UHD_TEXTED.mov,fd1c2c96-0bd3-431d-91a1-ac3ac4d50e1f,true
Kino i/DUAS PROJECT UHD BATCH 4/DUA 98_UHD_TEXTLESS.mov,9865c491-94cf-4963-92ac-05c649375b25,true
Kino i/DUAS PROJECT UHD BATCH 4/DUA 98_UHD_TEXTED.mov,ad2945ca-22ec-4a3a-a6cd-dee48e086b91,true
Kino i/DUAS PROJECT UHD BATCH 4/DUA 94_UHD_TEXTLESS.mov,64aa9517-3496-40dc-a9cf-3cac89f9a724,true
Kino i/DUAS PROJECT UHD BATCH 4/DUA 94_UHD_TEXTED.mov,adecb727-6040-4d97-846e-8fcb1ddf0979,true
Kino i/DUAS PROJECT UHD BATCH 4/DUA 78_UHD_TEXTLESS.mov,f2be93ee-d27a-45d7-883e-4fabd897b44e,true
Kino i/DUAS PROJECT UHD BATCH 4/DUA 78_UHD_TEXTED.mov,9f6f1272-f2d6-4b7d-a06a-7c47757acc1c,true
Kino i/DUAS PROJECT UHD BATCH 4/DUA 73_UHD_TEXTLESS.mov,e321fda3-2070-4dd7-975d-61a0cbaaa30b,true
Kino i/DUAS PROJECT UHD BATCH 4/DUA 73_UHD_TEXTED.mov,b783b58b-80c0-4561-aca1-ef5f0c777af0,true
Kino i/DUAS PROJECT UHD BATCH 4/DUA 28_UHD_TEXTLESS.mov,eaac8a7a-c83b-476b-a2d7-bf5b199b39a9,true
Kino i/DUAS PROJECT UHD BATCH 4/DUA 28_UHD_TEXTED.mov,7c04d88d-4e4d-43aa-bb17-deb2308e82f4,true
Kino i/DUAS PROJECT UHD BATCH 4/DUA 23_UHD_TEXTLESS.mov,a57f384e-521c-4d67-8e58-f19775c3e74c,true
Kino i/DUAS PROJECT UHD BATCH 4/DUA 23_UHD_TEXTED.mov,8c24fcd7-78a1-490a-99e7-8419f5caa138,true
Kino i/DUAS PROJECT UHD BATCH 4/DUA 21_UHD_TEXTLESS.mov,2c265c58-89a4-4268-a1c0-c86492189859,true
Kino i/DUAS PROJECT UHD BATCH 4/DUA 21_UHD_TEXTED.mov,976743f0-a6ec-4083-9ed5-2c09a3264f20,true
Kino i/DUAS PROJECT UHD BATCH 4/DUA 07_UHD_TEXTLESS.mov,b87c0383-1663-4c1b-b652-010a4e59e1cb,true
Kino i/DUAS PROJECT UHD BATCH 4/DUA 07_UHD_TEXTED.mov,ccc031d4-784f-4eae-ad82-8fb66101350c,true
Kino i/DUAS PROJECT UHD BATCH 4/DUA 4_UHD_TEXTLESS.mov,fc533283-36ce-4327-98a2-d8575e7abdbe,true
Kino i/DUAS PROJECT UHD BATCH 4/DUA 4_UHD_TEXTED.mov,e93487f0-2f1b-41a1-b599-4c2c984db982,true
Kino i/DUAS PROJECT UHD BATCH 4/DOA HARIAN - DUAS BATCH 4.pdf,351b1a7a-44d2-411f-9536-346ce4d8ed6b,true
Kino i/DUAS PROJECT UHD BATCH 3/DUA 27_UHD_TEXTLESS.mov,2a1b6845-60db-44ea-9c5b-e5488f93263a,true
Kino i/DUAS PROJECT UHD BATCH 3/DUA 27_UHD_TEXTED.mov,0b3625d7-bde7-4c87-8180-72008f7c18a3,true
Kino i/DUAS PROJECT UHD BATCH 3/DUA 24_UHD_TEXTLESS.mov,a1b2f3b6-7ff9-4b4c-8867-545d8cf9b1de,true
Kino i/DUAS PROJECT UHD BATCH 3/DUA 24_UHD_TEXTED.mov,1c6f6672-1bb6-45d7-baae-b5796353426d,true
Kino i/DUAS PROJECT UHD BATCH 3/DUA 22_UHD_TEXTLESS.mov,a05db543-cf0a-49f4-959d-9c17740a68e1,true
Kino i/DUAS PROJECT UHD BATCH 3/DUA 22_UHD_TEXTED.mov,4c1ae078-0e1a-45ef-9bd1-f34363e5799c,true
Kino i/DUAS PROJECT UHD BATCH 3/DOA HARIAN - DUAS BATCH 3.pdf,512df570-05f9-4d25-a14b-7917d3abce89,true
Kino i/DUAS PROJECT UHD BATCH 3/DUA 17_UHD_TEXTLESS.mov,fdafbff6-7823-489a-a18f-abe2559a0a0d,true
Kino i/DUAS PROJECT UHD BATCH 3/DUA 17_UHD_TEXTED.mov,45112963-0fd1-4056-9426-a87f20349b14,true
Kino i/DUAS PROJECT UHD BATCH 3/DUA 14_UHD_TEXTLESS.mov,591f78f8-67c0-47cf-8968-f4f81d1c7efa,true
Kino i/DUAS PROJECT UHD BATCH 3/DUA 14_UHD_TEXTED.mov,d6a52eec-9f82-4748-b611-a442158b104a,true
Kino i/DUAS PROJECT UHD BATCH 3/DUA 13_UHD_TEXTLESS.mov,c9c92c7a-066a-48c0-b98d-a1bddb9295a1,true
Kino i/DUAS PROJECT UHD BATCH 3/DUA 13_UHD_TEXTED.mov,9efde8fb-d113-44b7-880a-802e67b9a770,true
Kino i/DUAS PROJECT UHD BATCH 3/DUA 11_UHD_TEXTLESS.mov,699ca798-9a88-4e86-bd69-5cfa938a46cd,true
Kino i/DUAS PROJECT UHD BATCH 3/DUA 11_UHD_TEXTED.mov,b90f4d12-f02a-46f9-98be-e2b2ab7de380,true
Kino i/DUAS PROJECT UHD BATCH 3/DUA 10_UHD_TEXTLESS.mov,f43f36c7-a56c-454d-9e4c-b58ce23652bc,true
Kino i/DUAS PROJECT UHD BATCH 3/DUA 10_UHD_TEXTED.mov,aa245ccc-e045-4662-8c03-3f8b220e2014,true
Kino i/DUAS PROJECT UHD BATCH 3/DUA 06_UHD_TEXTLESS.mov,b9588762-4ee0-4507-a8f1-2b4b49a0c2b0,true
Kino i/DUAS PROJECT UHD BATCH 3/DUA 06_UHD_TEXTED.mov,2a5225a1-9b84-4d83-af85-2a9f0702d882,true
Kino i/DUAS PROJECT UHD BATCH 3/DUA 05_UHD_TEXTLESS.mov,f536358f-41df-441c-b3bf-2a38fbd47fc6,true
Kino i/DUAS PROJECT UHD BATCH 3/DUA 05_UHD_TEXTED.mov,5d0a03bc-8a9b-419c-99b3-229619523de6,true
Kino i/DUAS PROJECT UHD BATCH 7/DUA 128_UHD_TEXTLESS.mov,8fcb61ac-b107-4cff-bc6f-7acd92a45444,true
Kino i/DUAS PROJECT UHD BATCH 7/DUA 128_UHD_TEXTED.mov,bb4f1062-d25c-4889-be15-45a0fbe6100e,true
Kino i/DUAS PROJECT UHD BATCH 7/DUA 125_UHD_TEXTLESS.mov,fb7681bc-f292-4a23-a81f-265629a67e5c,true
Kino i/DUAS PROJECT UHD BATCH 7/DUA 125_UHD_TEXTED.mov,0a6ce3d4-62e3-491e-95a2-f6552c5831cb,true
Kino i/DUAS PROJECT UHD BATCH 7/DUA 124_UHD_TEXTLESS.mov,1d0ed154-32b7-47da-85d9-427e87ef59fb,true
Kino i/DUAS PROJECT UHD BATCH 7/DUA 124_UHD_TEXTED.mov,ff324065-789c-4e2e-8f6f-c511446457ec,true
Kino i/DUAS PROJECT UHD BATCH 7/DUA 119_UHD_TEXTLESS.mov,5748d2f0-89a9-469a-aa8e-4db7ef8d651f,true
Kino i/DUAS PROJECT UHD BATCH 7/DUA 119_UHD_TEXTED.mov,df348a08-502b-4398-8f2c-ee3a3fd553d9,true
Kino i/DUAS PROJECT UHD BATCH 7/DUA 118_UHD_TEXTLESS.mov,ab60a54c-941e-482b-9ba4-fbb4d9cd6aae,true
Kino i/DUAS PROJECT UHD BATCH 7/DUA 118_UHD_TEXTED.mov,8532bf69-352d-4c69-981d-3649bdccbb7b,true
Kino i/DUAS PROJECT UHD BATCH 7/DUA 112_UHD_TEXTLESS.mov,b5677871-654c-4edd-acb1-7eae949c8ee8,true
Kino i/DUAS PROJECT UHD BATCH 7/DUA 112_UHD_TEXTED.mov,c6aa39b3-1d25-45a3-9cd2-47ab756193ff,true
Kino i/DUAS PROJECT UHD BATCH 7/DUA 108_UHD_TEXTLESS.mov,5c7d63b6-f701-421c-94f0-3e33062bf265,true
Kino i/DUAS PROJECT UHD BATCH 7/DUA 108_UHD_TEXTED.mov,1b1caae7-719a-4639-9adf-7d98bab02854,true
Kino i/DUAS PROJECT UHD BATCH 7/DUA 107_UHD_TEXTLESS.mov,68ff2f0d-90b0-433b-ab86-4ded7843a838,true
Kino i/DUAS PROJECT UHD BATCH 7/DUA 107_UHD_TEXTED.mov,fed66b13-e52a-4812-b35b-a09e97b20997,true
Kino i/DUAS PROJECT UHD BATCH 7/DUA 106_UHD_TEXTLESS.mov,e76d1f92-30d1-4786-ad8d-8014aa1e386a,true
Kino i/DUAS PROJECT UHD BATCH 7/DUA 106_UHD_TEXTED.mov,04ec20b1-4e86-4c35-bfbc-4115580df1d1,true
Kino i/DUAS PROJECT UHD BATCH 7/DUA 103_UHD_TEXTED.mov,597e7799-c90e-4377-9e38-2f6123417f83,true
Kino i/DUAS PROJECT UHD BATCH 7/DUA 103_UHD_TEXTLESS.mov,0af342ea-111b-4761-ba13-7e42cf60997f,true
Kino i/DUAS PROJECT UHD BATCH 7/DOA HARIAN - DUAS BATCH 7.pdf,7f25df9b-abcd-4a3d-b29c-671d0e0d52a9,true
Kino i/DUAS PROJECT UHD BATCH 8/DUA 101_UHD_TEXTLESS.mov,0504a077-a267-4a60-a4c9-606f49d458c9,true
Kino i/DUAS PROJECT UHD BATCH 8/DUA 101_UHD_TEXTED.mov,cea74ed6-700b-432d-92fe-d35d7913383e,true
Kino i/DUAS PROJECT UHD BATCH 8/DUA 95_UHD_TEXTLESS.mov,f810eb48-7d87-4b6b-b193-7365cda5cda2,true
Kino i/DUAS PROJECT UHD BATCH 8/DUA 95_UHD_TEXTED.mov,be4a3a5a-b7f9-46d9-ab15-7d27da7eab01,true
Kino i/DUAS PROJECT UHD BATCH 8/DUA 93_UHD_TEXTLESS.mov,4b6cc30c-3211-4412-b17d-a3bcfcffadcb,true
Kino i/DUAS PROJECT UHD BATCH 8/DUA 93_UHD_TEXTED.mov,a03ff6eb-08d8-4670-b403-86e34d4da5ae,true
Kino i/DUAS PROJECT UHD BATCH 8/DUA 91_UHD_TEXTLESS.mov,07532138-9b11-4dfa-81ce-5de3ec3f5697,true
Kino i/DUAS PROJECT UHD BATCH 8/DUA 91_UHD_TEXTED.mov,a0d20446-9e52-4ef1-8e02-8d402873b0c0,true
Kino i/DUAS PROJECT UHD BATCH 8/DUA 87_UHD_TEXTLESS.mov,f655084d-8b8d-48c1-8061-51dabb358021,true
Kino i/DUAS PROJECT UHD BATCH 8/DUA 87_UHD_TEXTED.mov,94242087-d286-42d2-8e90-3fffd2263694,true
Kino i/DUAS PROJECT UHD BATCH 8/DUA 86_UHD_TEXTLESS.mov,0abb2d98-0bb2-4bf1-afd2-a8898cf08fb5,true
Kino i/DUAS PROJECT UHD BATCH 8/DUA 86_UHD_TEXTED.mov,8aae126f-db88-4006-baa0-f001b3359a9c,true
Kino i/DUAS PROJECT UHD BATCH 8/DUA 85_UHD_TEXTLESS.mov,ee4b7af7-f0a5-4ace-ae0a-5818bfe67808,true
Kino i/DUAS PROJECT UHD BATCH 8/DUA 85_UHD_TEXTED.mov,3def099f-2efe-40fd-9b53-4c2ae3a929c3,true
Kino i/DUAS PROJECT UHD BATCH 8/DUA 81_UHD_TEXTLESS.mov,05c3155e-5cc8-4754-a089-69799743ca94,true
Kino i/DUAS PROJECT UHD BATCH 8/DUA 81_UHD_TEXTED.mov,7aef5d67-9d59-4a24-a626-6c028f054663,true
Kino i/DUAS PROJECT UHD BATCH 8/DUA 77_UHD_TEXTLESS.mov,9c50a563-6612-4dd7-afb1-1a4d08a13929,true
Kino i/DUAS PROJECT UHD BATCH 8/DUA 77_UHD_TEXTED.mov,11b19238-d53f-4c24-aa8f-c3a03cf59ff0,true
Kino i/DUAS PROJECT UHD BATCH 8/DUA 71_UHD_TEXTLESS.mov,29ec8192-04ea-4176-af7e-70baa4058672,true
Kino i/DUAS PROJECT UHD BATCH 8/DUA 71_UHD_TEXTED.mov,db472916-0bf3-4e00-91cc-a775c3481500,true
Kino i/DUAS PROJECT UHD BATCH 8/DOA HARIAN - DUAS BATCH 8.pdf,1c8512bc-8ad5-4d30-8620-7a31d0cd05a9,true
Kino i/QURAN PROJECT UHD BATCH 17/070 Al-Ma'arij_UHD_TEXTLESS.mov,efef6fec-8ec7-48ee-94c4-48beb157323e,true
Kino i/QURAN PROJECT UHD BATCH 17/070 Al-Ma'arij_UHD_TEXTED.mov,54f88281-d0b3-406c-8833-9f3a2d6c890c,true
Kino i/QURAN PROJECT UHD BATCH 17/069 Al-Haqqah_UHD_TEXTLESS.mov,1ad97a79-bcab-4954-aee9-e9f44b4b456b,true
Kino i/QURAN PROJECT UHD BATCH 17/069 Al-Haqqah_UHD_TEXTED.mov,08a1eada-2d11-4956-977f-8e1ea99fab93,true
Kino i/QURAN PROJECT UHD BATCH 17/068 Al-Qalam_UHD_TEXTLESS.mov,b6c3f26b-cdd4-4bb0-a791-465bfa891e14,true
Kino i/QURAN PROJECT UHD BATCH 17/068 Al-Qalam_UHD_TEXTED.mov,e936a0af-51fb-42c6-a9ef-d535e8c50254,true
Kino i/QURAN PROJECT UHD BATCH 17/067 Al-Mulk_UHD_TEXTLESS.mov,33b45353-8146-4f23-a1d1-6ceec2562670,true
Kino i/QURAN PROJECT UHD BATCH 17/067 Al-Mulk_UHD_TEXTED.mov,db02d94d-4b10-4a9b-9711-5c151c43ca20,true
Kino i/QURAN PROJECT UHD BATCH 17/066 At-Tahrim_UHD_TEXTLESS.mov,1a4c1d8e-4a7a-41ac-9af2-29e557c8cb2d,true
Kino i/QURAN PROJECT UHD BATCH 17/066 At-Tahrim_UHD_TEXTED.mov,c2d3180f-f509-4d1b-9daa-33776c05df41,true
Kino i/QURAN PROJECT UHD BATCH 20/080 Abasa_UHD_TEXTLESS.mov,c0248b92-afee-490e-b5f4-3215750c99f5,true
Kino i/QURAN PROJECT UHD BATCH 20/080 Abasa_UHD_TEXTED.mov,a8cc5951-392f-4342-b4a2-e3e9085931b6,true
Kino i/QURAN PROJECT UHD BATCH 20/079 An-Nazi'at_UHD_TEXTLESS.mov,2d3d454b-c7f1-4534-b075-07193a9e2ed2,true
Kino i/QURAN PROJECT UHD BATCH 20/079 An-Nazi'at_UHD_TEXTED.mov,da8c6b78-c35a-4dc6-ad4d-78a19a4a89c6,true
Kino i/QURAN PROJECT UHD BATCH 20/078 An-Naba_UHD_TEXTLESS.mov,0995da9f-3322-4bc7-855a-c0a4048ef7f6,true
Kino i/QURAN PROJECT UHD BATCH 20/078 An-Naba_UHD_TEXTED.mov,bf570191-d783-41b7-ba0c-3dafeda6cec3,true
Kino i/QURAN PROJECT UHD BATCH 20/077 Al-Mursalat_UHD_TEXTLESS.mov,0a75488b-d892-4172-ad36-109590d180cf,true
Kino i/QURAN PROJECT UHD BATCH 20/077 Al-Mursalat_UHD_TEXTED.mov,2c426ba9-891b-497d-b437-03abb4ec10b2,true
Kino i/QURAN PROJECT UHD BATCH 20/076 Al-Insan_UHD_TEXTLESS.mov,4bb54688-b78f-4fb0-8623-151f7b9172a7,true
Kino i/QURAN PROJECT UHD BATCH 20/076 Al-Insan_UHD_TEXTED.mov,8465c05a-400f-4e82-b3ae-48361afe596c,true
Kino i/QURAN PROJECT UHD BATCH 7/020 Taha_UHD_TEXTLESS.mov,1822186c-474b-4879-9663-04e01ddcba4f,true
Kino i/QURAN PROJECT UHD BATCH 7/020 Taha_UHD_TEXTED.mov,fccbafc7-6611-4779-b89f-b35689fab89c,true
Kino i/QURAN PROJECT UHD BATCH 7/018 Al-Kahf_UHD_TEXTLESS.mov,33bf66c7-486d-4029-be24-3921f690010b,true
Kino i/QURAN PROJECT UHD BATCH 7/018 Al-Kahf_UHD_TEXTED.mov,70afc468-6c78-44eb-b3f0-30ec8466ce77,true
Kino i/QURAN PROJECT UHD BATCH 7/019 Maryam_UHD_TEXTLESS.mov,1a420119-875a-439b-9f3a-4ffe547b34ec,true
Kino i/QURAN PROJECT UHD BATCH 7/019 Maryam_UHD_TEXTED.mov,52dbefbd-0499-4552-8c20-7cc20924b6e3,true
Kino i/QURAN PROJECT UHD BATCH 7/017 Al-Isra_UHD_TEXTLESS.mov,fa257592-a569-46e5-8234-37b0c88acf39,true
Kino i/QURAN PROJECT UHD BATCH 7/017 Al-Isra_UHD_TEXTED.mov,957d4a19-4414-4ecc-9288-470e07987720,true
Kino i/QURAN PROJECT UHD BATCH 7/016 An-Nahl_UHD_TEXTLESS.mov,9c4397cc-2150-4248-b4ff-ad0211efe450,true
Kino i/QURAN PROJECT UHD BATCH 7/016 An-Nahl_UHD_TEXTED.mov,2ee320ea-887c-4b41-86f1-75e5ae81096f,true
Kino i/QURAN PROJECT UHD BATCH 5/011 Hud_UHD_TEXTLESS.mov,2907dade-2803-4a27-b2f6-279f6c782770,true
Kino i/QURAN PROJECT UHD BATCH 5/011 Hud_UHD_TEXTED.mov,75ccac89-ae25-4aed-aef9-54dbf4bdef01,true
Kino i/QURAN PROJECT UHD BATCH 5/009 At-Tawbah_UHD_TEXTLESS.mov,741e61d9-afa5-4330-9caf-dfc2f30a0157,true
Kino i/QURAN PROJECT UHD BATCH 5/009 At-Tawbah_UHD_TEXTED.mov,01a29cee-8bba-4c9b-8248-b50fa921074c,true
Kino i/QURAN PROJECT UHD BATCH 5/010 Yunus_UHD_TEXTLESS.mov,6289137f-edf4-4974-9dd4-9768a3ebc236,true
Kino i/QURAN PROJECT UHD BATCH 5/010 Yunus_UHD_TEXTED.mov,778d77bc-75c7-481c-8029-464a0e2ecd5b,true
Kino i/QURAN PROJECT UHD BATCH 9/030 Ar-Rum_UHD_TEXTLESS.mov,9012c0e9-cc63-49f2-9ea4-ce118d198387,true
Kino i/QURAN PROJECT UHD BATCH 9/030 Ar-Rum_UHD_TEXTED.mov,7e0fc622-bec9-455c-93a8-6cb092fc6c93,true
Kino i/QURAN PROJECT UHD BATCH 9/029 Al-'Ankabut_UHD_TEXTLESS.mov,5b907ce5-39c6-4c36-b1f3-492bcb7180ec,true
Kino i/QURAN PROJECT UHD BATCH 9/029 Al-'Ankabut_UHD_TEXTED.mov,0214cdf2-51a4-4261-b18e-9811c6d8292b,true
Kino i/QURAN PROJECT UHD BATCH 9/028 Al-Qasas_UHD_TEXTLESS.mov,b373fb8d-a346-448e-be38-27cbee951506,true
Kino i/QURAN PROJECT UHD BATCH 9/028 Al-Qasas_UHD_TEXTED.mov,a9315177-2ec5-463f-a825-0ac6a0967a48,true
Kino i/QURAN PROJECT UHD BATCH 9/027 An-Naml_UHD_TEXTLESS.mov,ab11eb42-0ffc-471c-a750-a3f21cc898b2,true
Kino i/QURAN PROJECT UHD BATCH 9/027 An-Naml_UHD_TEXTED.mov,410f0461-a845-4f6b-a334-37db1dfedd3f,true
Kino i/QURAN PROJECT UHD BATCH 9/026 Ash-Shu'ara_UHD_TEXTLESS.mov,38c6c2d9-550c-4677-b6bb-4dab6b59aec6,true
Kino i/QURAN PROJECT UHD BATCH 9/026 Ash-Shu'ara_UHD_TEXTED.mov,b266aad8-056e-4bbd-9105-3aa21030d899,true
Kino i/QURAN PROJECT UHD BATCH 3/006 Al-An'am_UHD_TEXTLESS.mov,5f38a75f-77ac-4c89-a593-b3e0b021b616,true
Kino i/QURAN PROJECT UHD BATCH 3/006 Al-An'am_UHD_TEXTED.mov,6ee88718-041a-4fa2-8ed7-b8df92ebb251,true
Kino i/QURAN PROJECT UHD BATCH 3/005 Al-Ma'idah_UHD_TEXTLESS.mov,f9062388-580e-4f61-bbb1-7553bb54ee16,true
Kino i/QURAN PROJECT UHD BATCH 3/005 Al-Ma'idah_UHD_TEXTED.mov,d9d60341-7a95-4538-bb8b-d16d921be43b,false
Kino i/QURAN PROJECT UHD BATCH 14/055 Ar-Rahman_UHD_TEXTED.mov,8924b925-a83e-49e4-8248-b308a52b58d9,true
Kino i/QURAN PROJECT UHD BATCH 14/055 Ar-Rahman_UHD_TEXTLESS.mov,76fe73b9-7041-47d3-ad12-0b7cec52ab7b,true
Kino i/QURAN PROJECT UHD BATCH 14/054 Al-Qamar_UHD_TEXTLESS.mov,77bbea14-f2f6-4ee4-8327-b9f7d104d1a7,true
Kino i/QURAN PROJECT UHD BATCH 14/054 Al-Qamar_UHD_TEXTED.mov,40825274-2d97-448a-a8b4-985f54f53cef,true
Kino i/QURAN PROJECT UHD BATCH 14/053 An-Najm_UHD_TEXTLESS.mov,996b51cf-a6ee-4ed9-9fe6-73221f4b04a8,true
Kino i/QURAN PROJECT UHD BATCH 14/053 An-Najm_UHD_TEXTED.mov,d6a5c6c0-19c4-40a7-a0ed-43ce6a47e6ed,true
Kino i/QURAN PROJECT UHD BATCH 14/052 At-Tur_UHD_TEXTLESS.mov,b8903d2d-507a-4df5-8a62-022b4df8c38f,true
Kino i/QURAN PROJECT UHD BATCH 14/052 At-Tur_UHD_TEXTED.mov,ace9c3ce-8a6d-4239-8241-e0284d6a729e,true
Kino i/QURAN PROJECT UHD BATCH 14/051 Adh-Dhariyat_UHD_TEXTLESS.mov,49e6cda0-1d19-4288-ae48-b77d8336c347,true
Kino i/QURAN PROJECT UHD BATCH 14/051 Adh-Dhariyat_UHD_TEXTED.mov,91ed6d96-1149-4a22-a02d-fb15dd9bb11c,true
Kino i/QURAN PROJECT UHD BATCH 8/025 Al-Furqan_UHD_TEXTLESS.mov,83c106bd-19d6-4c30-ac56-fceef33174a0,true
Kino i/QURAN PROJECT UHD BATCH 8/025 Al-Furqan_UHD_TEXTED.mov,881a431b-c64b-4a2d-a327-8e9f21f6eaad,true
Kino i/QURAN PROJECT UHD BATCH 8/024 An-Nur_UHD_TEXTLESS.mov,bf013520-a970-4959-a2b5-95f249a685be,true
Kino i/QURAN PROJECT UHD BATCH 8/024 An-Nur_UHD_TEXTED.mov,6b335282-87ab-42c2-8c86-7ef8e2421edd,true
Kino i/QURAN PROJECT UHD BATCH 8/022 Al-Hajj_UHD_TEXTLESS.mov,34da8b43-0f80-4585-bf33-559b339868f1,true
Kino i/QURAN PROJECT UHD BATCH 8/022 Al-Hajj_UHD_TEXTED.mov,5bf1a4c9-1d96-4b24-8aaa-1c56ca01948f,true
Kino i/QURAN PROJECT UHD BATCH 8/023 Al-Mu'minun_UHD_TEXTLESS.mov,ed99f849-0460-4f85-88f0-e376a21f6a59,true
Kino i/QURAN PROJECT UHD BATCH 8/021 Al-Anbya_UHD_TEXTLESS.mov,7f1193bd-135c-4eb3-8d4a-91101e71d113,true
Kino i/QURAN PROJECT UHD BATCH 8/021 Al-Anbya_UHD_TEXTED.mov,fec776ca-af08-414c-b1ab-251afceecac9,true
Kino i/QURAN PROJECT UHD BATCH 8/023 Al-Mu'minun_UHD_TEXTED.mov,dd07f5ad-427f-487d-abae-f5de6d0f0fd9,true
Kino i/QURAN PROJECT UHD BATCH 26/110 An-Nasr_UHD_TEXTLESS.mov,1b2309ba-0ec7-4795-a49e-0ca679f7ee4b,true
Kino i/QURAN PROJECT UHD BATCH 26/110 An-Nasr_UHD_TEXTED.mov,fb1a4b20-3859-4f59-9ff6-6ca541c2b172,true
Kino i/QURAN PROJECT UHD BATCH 26/109 Al-Kafirun_UHD_TEXTLESS.mov,8b528ef0-3fe8-4e85-9560-4a1d024c158d,true
Kino i/QURAN PROJECT UHD BATCH 26/109 Al-Kafirun_UHD_TEXTED.mov,6ac30d99-197e-40ef-959b-6a4ebad86556,true
Kino i/QURAN PROJECT UHD BATCH 26/108 Al-Khautsar_UHD_TEXTLESS.mov,798a019b-7021-42b6-a69e-923bb702cb9c,true
Kino i/QURAN PROJECT UHD BATCH 26/108 Al-Khautsar_UHD_TEXTED.mov,ea54b085-31ef-4b57-88b4-6b20aa85656a,true
Kino i/QURAN PROJECT UHD BATCH 26/107 Al-Maaoon_UHD_TEXTLESS.mov,985bdef2-72db-4f96-bce7-dcd90ca6d67e,true
Kino i/QURAN PROJECT UHD BATCH 26/107 Al-Maaoon_UHD_TEXTED.mov,4484917f-65e2-446c-831e-72a46848449d,true
Kino i/QURAN PROJECT UHD BATCH 26/106 Quraish_UHD_TEXTLESS.mov,4aa9a3a9-9abb-40f0-b30e-9dcae428a323,true
Kino i/QURAN PROJECT UHD BATCH 26/106 Quraish_UHD_TEXTED.mov,846fea4f-9deb-4598-97a6-f581cd8a15cf,true
Kino i/QURAN PROJECT UHD BATCH 24/100 Al-Aadiyat_UHD_TEXTLESS.mov,274978de-331b-4741-b335-7503f6492588,true
Kino i/QURAN PROJECT UHD BATCH 24/100 Al-Aadiyat_UHD_TEXTED.mov,fcadc59a-103d-4114-94dd-d997fecd4a55,true
Kino i/QURAN PROJECT UHD BATCH 24/099 Az-Zalzalah_UHD_TEXTLESS.mov,d3a2317f-e792-47b8-9eb6-fcaca0f7fd61,true
Kino i/QURAN PROJECT UHD BATCH 24/099 Az-Zalzalah_UHD_TEXTED.mov,39effbe3-4534-4875-864d-1f6394cb433c,true
Kino i/QURAN PROJECT UHD BATCH 24/098 Al-Bayyinahh_UHD_TEXTLESS.mov,4b726728-6ecd-4ed4-a0f4-a34c6d26bfd7,true
Kino i/QURAN PROJECT UHD BATCH 24/098 Al-Bayyinahh_UHD_TEXTED.mov,cced4ba5-92d1-4427-adf4-704cdaeabb3e,true
Kino i/QURAN PROJECT UHD BATCH 24/097 Al-Qadr_UHD_TEXTLESS.mov,fb54e1a0-2321-40c6-8a4e-f99f10751a20,true
Kino i/QURAN PROJECT UHD BATCH 24/097 Al-Qadr_UHD_TEXTED.mov,762cb3fa-4356-4f0e-a8da-fd57b584fdb1,true
Kino i/QURAN PROJECT UHD BATCH 24/096 Al-Alaq_UHD_TEXTLESS.mov,89003386-08d9-4f85-a450-d6b2b4eb7b76,true
Kino i/QURAN PROJECT UHD BATCH 24/096 Al-Alaq_UHD_TEXTED.mov,4e03b17d-8b3a-47b9-a2df-7ae0ec561c6c,true
Kino i/QURAN PROJECT UHD BATCH 21/085 Al-Burooj_UHD_TEXTLESS.mov,2d9e5149-4092-4d17-a723-f8dbbe0b191c,true
Kino i/QURAN PROJECT UHD BATCH 21/085 Al-Burooj_UHD_TEXTED.mov,7b039bd1-b494-4ff4-b3a2-3c829f860533,true
Kino i/QURAN PROJECT UHD BATCH 21/084 Al-Inshiqaaq_UHD_TEXTLESS.mov,cc091b93-944b-4d19-92fa-31b73d813729,true
Kino i/QURAN PROJECT UHD BATCH 21/084 Al-Inshiqaaq_UHD_TEXTED.mov,441e36ca-16e2-466b-abb6-da378b6ec4d5,true
Kino i/QURAN PROJECT UHD BATCH 21/083 Al-Mutaffifin_UHD_TEXTLESS.mov,e38e85c3-a328-4500-8707-a1f697740989,true
Kino i/QURAN PROJECT UHD BATCH 21/083 Al-Mutaffifin_UHD_TEXTED.mov,d869d5cf-b25d-45a7-8f0b-bfa767486b28,true
Kino i/QURAN PROJECT UHD BATCH 21/082 Al-Infitar_UHD_TEXTLESS.mov,d18f38c4-d4cf-4a1d-922f-714313ebc917,true
Kino i/QURAN PROJECT UHD BATCH 21/082 Al-Infitar_UHD_TEXTED.mov,41d68577-0dcc-4377-8d86-477ce9926200,true
Kino i/QURAN PROJECT UHD BATCH 21/081 At-Takwir_UHD_TEXTLESS.mov,d7fa527d-6f0f-4f1d-95d9-3112f92e1dbd,true
Kino i/QURAN PROJECT UHD BATCH 21/081 At-Takwir_UHD_TEXTED.mov,6fbfad12-81b9-4451-892c-6020295e0c6b,true
Kino i/QURAN PROJECT UHD BATCH 25/105 Al-Feel_UHD_TEXTLESS.mov,fb9bc1f2-3d78-409f-b6a7-9ed0bca4b6f1,true
Kino i/QURAN PROJECT UHD BATCH 25/105 Al-Feel_UHD_TEXTED.mov,a96b718a-78cd-4cf3-946a-4f10327e46b3,true
Kino i/QURAN PROJECT UHD BATCH 25/104 Al-Humazah_UHD_TEXTLESS.mov,0641d0af-7b37-440d-847b-6e7a72f7ba29,true
Kino i/QURAN PROJECT UHD BATCH 25/104 Al-Humazah_UHD_TEXTED.mov,17b22c69-f8e2-4f15-9041-f22a41248b29,true
Kino i/QURAN PROJECT UHD BATCH 25/103 Al-Asr_UHD_TEXTLESS.mov,aa18cfc1-980b-442e-b626-18b0ff67c845,true
Kino i/QURAN PROJECT UHD BATCH 25/103 Al-Asr_UHD_TEXTED.mov,ba4c2e6a-0455-4d8c-9eca-7d0a9efe0b15,true
Kino i/QURAN PROJECT UHD BATCH 25/102 At-Takaathur_UHD_TEXTLESS.mov,b5c2ef2a-c330-4fdc-8346-a85cf7e4f963,true
Kino i/QURAN PROJECT UHD BATCH 25/102 At-Takaathur_UHD_TEXTED.mov,53a489d9-8fb1-464b-b13a-efadab059368,true
Kino i/QURAN PROJECT UHD BATCH 25/101 Al-Qaariah_UHD_TEXTLESS.mov,57548fe3-53c6-4361-a7b7-82a1e20bdb8c,true
Kino i/QURAN PROJECT UHD BATCH 25/101 Al-Qaariah_UHD_TEXTED.mov,13083250-9bb0-4cc1-b9c8-d029fec7dfdb,true
Kino i/QURAN PROJECT UHD BATCH 10/035 Fatir_UHD_TEXTLESS.mov,c5b0234f-1c67-41f8-b18e-520b9b3e5b46,true
Kino i/QURAN PROJECT UHD BATCH 10/035 Fatir_UHD_TEXTED.mov,ab2c9df8-7f81-4f80-9167-c42e49eb69e5,true
Kino i/QURAN PROJECT UHD BATCH 10/034 Saba_UHD_TEXTLESS.mov,7921f508-8a08-4374-b028-b61ecda1f0e9,true
Kino i/QURAN PROJECT UHD BATCH 10/034 Saba_UHD_TEXTED.mov,1f5f2bcb-3eb7-4539-ab05-2dfb23e92528,true
Kino i/QURAN PROJECT UHD BATCH 10/033 Al-Ahzab_UHD_TEXTED.mov,8e5a1e6d-4b38-45ca-8c16-a46a3532a3ac,true
Kino i/QURAN PROJECT UHD BATCH 10/033 Al-Ahzab_UHD_TEXTLESS.mov,70c189dc-13f5-4997-bb31-4b27aba3dd0d,true
Kino i/QURAN PROJECT UHD BATCH 10/032 As-Sajdah_UHD_TEXTLESS.mov,422d6c1a-29f3-4768-bf32-244e483590be,true
Kino i/QURAN PROJECT UHD BATCH 10/032 As-Sajdah_UHD_TEXTED.mov,68529dc7-082d-44cd-b082-7387642d80a3,true
Kino i/QURAN PROJECT UHD BATCH 10/031 Luqman_UHD_TEXTLESS.mov,8ce9cd80-efce-47ec-9f51-1922a90af44a,true
Kino i/QURAN PROJECT UHD BATCH 10/031 Luqman_UHD_TEXTED.mov,e39e0f29-d580-4009-a600-948fbf21fd76,true
Kino i/QURAN PROJECT UHD BATCH 19/075 Al-Qiyamah_UHD_TEXTLESS.mov,e3f4d093-eba0-4233-ac0c-9a2872e9771a,true
Kino i/QURAN PROJECT UHD BATCH 19/075 Al-Qiyamah_UHD_TEXTED.mov,d7aa7013-ec3d-48b8-ad15-28cf24403f46,true
Kino i/QURAN PROJECT UHD BATCH 19/074 Al-Muddaththir_UHD_TEXTLESS.mov,870856ed-daff-4bbc-b065-d82a8579dc43,true
Kino i/QURAN PROJECT UHD BATCH 19/074 Al-Muddaththir_UHD_TEXTED.mov,97ae77b0-3ac4-461a-a3dc-ed3d5b58dc88,true
Kino i/QURAN PROJECT UHD BATCH 22/090 Al-Balad_UHD_TEXTLESS.mov,58496438-cbaa-492c-a1de-d66366b1b6f0,true
Kino i/QURAN PROJECT UHD BATCH 22/090 Al-Balad_UHD_TEXTED.mov,88127a24-e34b-4e6f-8f51-809fa2c426b2,true
Kino i/QURAN PROJECT UHD BATCH 22/089 Al-Fajr_UHD_TEXTLESS.mov,5d87be8e-8909-4398-9687-08e681900380,true
Kino i/QURAN PROJECT UHD BATCH 22/089 Al-Fajr_UHD_TEXTED.mov,ba75925d-62f3-4802-beef-9f4139134b49,true
Kino i/QURAN PROJECT UHD BATCH 22/088 Al-Ghashiyah_UHD_TEXTLESS.mov,90624cc1-b39b-4f19-a905-130ed16b0875,true
Kino i/QURAN PROJECT UHD BATCH 22/088 Al-Ghashiyah_UHD_TEXTED.mov,ff4bfd48-47ef-4439-b892-9d7b6d0d3a8c,true
Kino i/QURAN PROJECT UHD BATCH 22/087 Al-A'la_UHD_TEXTLESS.mov,12951e35-ea5e-4a28-b2d2-9fa7ac0990cb,true
Kino i/QURAN PROJECT UHD BATCH 22/087 Al-A'la_UHD_TEXTED.mov,609587d8-b07a-4d78-8eb2-36ef2cd4c184,true
Kino i/QURAN PROJECT UHD BATCH 22/086 At-Taariq_UHD_TEXTLESS.mov,51fa6180-095d-4881-9fad-972f8934b01e,true
Kino i/QURAN PROJECT UHD BATCH 22/086 At-Taariq_UHD_TEXTED.mov,0764ab96-b410-456d-98b4-37fad877b562,true
Kino i/QURAN PROJECT UHD BATCH 16/063 Al-Munafiqun_UHD_TEXTLESS.mov,121acf4b-ae71-4e43-9f9a-20acd775ae9e,true
Kino i/QURAN PROJECT UHD BATCH 16/063 Al-Munafiqun_UHD_TEXTED.mov,ec17270d-9729-4bda-a661-d99856e0b133,true
Kino i/QURAN PROJECT UHD BATCH 16/065 At-Talaq_UHD_TEXTLESS.mov,959193f8-e9bf-44ee-aeb4-e1012131251b,true
Kino i/QURAN PROJECT UHD BATCH 16/065 At-Talaq_UHD_TEXTED.mov,6a45a46e-ae0e-4609-9b47-02d14be6e52e,true
Kino i/QURAN PROJECT UHD BATCH 16/064 At-Taghabun_UHD_TEXTLESS.mov,83851f7f-4edf-45d7-becf-2435c8b7dad7,true
Kino i/QURAN PROJECT UHD BATCH 16/064 At-Taghabun_UHD_TEXTED.mov,a6adeddb-e416-4ad8-bba4-44d955768263,true
Kino i/QURAN PROJECT UHD BATCH 16/062 Al-Jumu'ah_UHD_TEXTLESS.mov,4408cbb1-5eb9-4abc-bcc1-721f2879b164,true
Kino i/QURAN PROJECT UHD BATCH 16/062 Al-Jumu'ah_UHD_TEXTED.mov,4a666a81-e1e1-4f67-991c-f5712d0a0841,true
Kino i/QURAN PROJECT UHD BATCH 16/061 As-Saf_UHD_TEXTLESS.mov,4147f3e8-09b5-48d7-91ae-16718ecc7589,true
Kino i/QURAN PROJECT UHD BATCH 16/061 As-Saf_UHD_TEXTED.mov,0670dd2f-8c13-4949-8823-da283ebf7ead,true
Kino i/QURAN PROJECT UHD BATCH 4/008 Al-Anfal_UHD_TEXTLESS.mov,3bd022db-1b08-4030-a70d-55c226d5d7a6,true
Kino i/QURAN PROJECT UHD BATCH 4/008 Al-Anfal_UHD_TEXTED.mov,3405b4a2-3bb3-462f-bac8-2879362b8cbb,true
Kino i/QURAN PROJECT UHD BATCH 4/007 Al-A'raf_UHD_TEXTLESS.mov,d6f033eb-3a37-4020-8cba-c4c6ee875f3a,true
Kino i/QURAN PROJECT UHD BATCH 4/007 Al-A'raf_UHD_TEXTED.mov,b8c0d214-894f-4f67-ae63-42fea702ed34,true
Kino i/QURAN PROJECT UHD BATCH 23/093 Ad-Dhuha_UHD_TEXTLESS.mov,cb4643cb-eb3a-4f01-a0e1-2dfb3081b3da,true
Kino i/QURAN PROJECT UHD BATCH 23/093 Ad-Dhuha_UHD_TEXTED.mov,71e46c9e-b4bb-4602-bc26-556ecf14ae32,true
Kino i/QURAN PROJECT UHD BATCH 23/095 At-Tin_UHD_TEXTLESS.mov,d91b12b4-55ea-4c26-9dc7-5d83b809e26a,true
Kino i/QURAN PROJECT UHD BATCH 23/095 At-Tin_UHD_TEXTED.mov,d38d4fd0-18e9-4d84-9dc6-696482ac70b4,true
Kino i/QURAN PROJECT UHD BATCH 23/094 Ash-Sharh (Al-Inshirah)_UHD_TEXTLESS.mov,d11dcc7d-d8ec-4061-b3d6-f67dc090ab8d,true
Kino i/QURAN PROJECT UHD BATCH 23/094 Ash-Sharh (Al-Inshirah)_UHD_TEXTED.mov,d8a18a19-8bf8-47e2-89b3-19f43b88734e,true
Kino i/QURAN PROJECT UHD BATCH 23/092 Al-Layl_UHD_TEXTLESS.mov,0b5b9051-eb46-4f4f-ac96-714a74775862,true
Kino i/QURAN PROJECT UHD BATCH 23/092 Al-Layl_UHD_TEXTED.mov,c9e545fc-774f-42ad-b8ac-2720d1df8f28,true
Kino i/QURAN PROJECT UHD BATCH 23/091 Ash-Shams_UHD_TEXTLESS.mov,72895f71-6047-4483-b5d8-615e769b31cf,true
Kino i/QURAN PROJECT UHD BATCH 23/091 Ash-Shams_UHD_TEXTED.mov,11ffaaf6-a6f7-4769-93e8-b84d7273161b,true
Kino i/QURAN PROJECT UHD BATCH 2/004 An-Nisa_UHD_TEXTLESS.mov,181f9456-2c1a-4a2a-b855-04d766583f24,true
Kino i/QURAN PROJECT UHD BATCH 2/004 An-Nisa_UHD_TEXTED.mov,d45a8e0b-3911-424d-84dc-1cb7e7affdd8,true
Kino i/QURAN PROJECT UHD BATCH 2/003 Ali 'Imran_UHD_TEXTLESS.mov,ab272ea4-27cd-4269-9b09-39b44e1cfb6b,true
Kino i/QURAN PROJECT UHD BATCH 2/003 Ali 'Imran_UHD_TEXTED.mov,11866c61-d4a2-4481-b625-aaf69ad1e5ab,true
Kino i/QURAN PROJECT UHD BATCH 6/015 Al-Hijr_UHD_TEXTLESS.mov,50c8fc12-8a82-4de7-967b-9308e112e266,true
Kino i/QURAN PROJECT UHD BATCH 6/015 Al-Hijr_UHD_TEXTED.mov,4a22799b-8a84-4f49-b70c-f81709c1e052,true
Kino i/QURAN PROJECT UHD BATCH 6/012 Yusuf_UHD_TEXTLESS.mov,c070bdcb-67da-45ea-bc9d-a0e46f6a86ea,true
Kino i/QURAN PROJECT UHD BATCH 6/012 Yusuf_UHD_TEXTED.mov,8fd3dbca-1a92-4e67-a6e2-4c10272cf4c7,true
Kino i/QURAN PROJECT UHD BATCH 6/014 Ibrahim_UHD_TEXTLESS.mov,39d913fb-d642-4167-a10c-f52a8a05c00f,true
Kino i/QURAN PROJECT UHD BATCH 6/014 Ibrahim_UHD_TEXTED.mov,20122bbd-1e66-43be-b84e-75e17c6ac394,true
Kino i/QURAN PROJECT UHD BATCH 6/013 Ar'Ra'd_UHD_TEXTLESS.mov,77f317b9-717a-420a-9dcf-0aa5aa0aa32b,true
Kino i/QURAN PROJECT UHD BATCH 6/013 Ar'Ra'd_UHD_TEXTED.mov,c960d6ca-f08d-4970-87cf-1f01eceffa3d,true
Kino i/QURAN PROJECT UHD BATCH 18/073 Al-Muzammil_UHD_TEXTLESS.mov,c601f390-7725-49e5-a51e-a1f7dbf2724a,true
Kino i/QURAN PROJECT UHD BATCH 18/073 Al-Muzammil_UHD_TEXTED.mov,c84dd0da-85c2-4e4b-b7f4-1e853670b819,true
Kino i/QURAN PROJECT UHD BATCH 18/072 Al-Jinn_UHD_TEXTLESS.mov,5b186af7-d1c9-43db-af19-f10c1e1b13e5,true
Kino i/QURAN PROJECT UHD BATCH 18/072 Al-Jinn_UHD_TEXTED.mov,62895067-69fd-4f31-b2a9-dcb163c62dc4,true
Kino i/QURAN PROJECT UHD BATCH 18/071 Nuh_UHD_TEXTLESS.mov,17620619-38db-4b8a-89a2-5690786e2d07,true
Kino i/QURAN PROJECT UHD BATCH 18/071 Nuh_UHD_TEXTED.mov,d4459b0e-15bc-46de-ba8a-cd5b99d505a6,true
Kino i/QURAN PROJECT UHD BATCH 15/059 Al-Hashr_UHD_TEXTLESS.mov,35c47199-8350-45fe-b498-98d8a1c072bc,true
Kino i/QURAN PROJECT UHD BATCH 15/060 Al-Mumtahanah_UHD_TEXTLESS.mov,fea6646c-4f9d-4ad0-98dd-e8d077ba9ecc,true
Kino i/QURAN PROJECT UHD BATCH 15/060 Al-Mumtahanah_UHD_TEXTED.mov,1d011871-8ab0-450a-9255-ef80dedb1e9a,true
Kino i/QURAN PROJECT UHD BATCH 15/056 Al-Waqi'ah_UHD_TEXTLESS.mov,ee6b42c6-6932-4723-bbbd-9a8d8dca8269,true
Kino i/QURAN PROJECT UHD BATCH 15/056 Al-Waqi'ah_UHD_TEXTED.mov,ff1d2344-947d-470d-97c3-90665628b558,true
Kino i/QURAN PROJECT UHD BATCH 15/059 Al-Hashr_UHD_TEXTED.mov,1bc32923-bc63-4e6a-951b-17e03d932007,true
Kino i/QURAN PROJECT UHD BATCH 15/058 Al-Mujadila_UHD_TEXTLESS.mov,71ef2582-4320-477e-ac5f-5e4d48d944d2,true
Kino i/QURAN PROJECT UHD BATCH 15/058 Al-Mujadila_UHD_TEXTED.mov,ebdfee7e-feb9-4af4-9035-f97ab5e47552,true
Kino i/QURAN PROJECT UHD BATCH 15/057 Al-Hadid_UHD_TEXTLESS.mov,b94e8861-3abe-4c33-a5d4-f62bcffc0cdf,true
Kino i/QURAN PROJECT UHD BATCH 15/057 Al-Hadid_UHD_TEXTED.mov,dcddb822-fadd-4077-8969-4423a877e515,true
Kino i/QURAN PROJECT UHD BATCH 12/045 Al-Jathiyah_UHD_TEXTLESS.mov,d5b6bcb9-bba7-49f8-a523-5e8f534788e1,true
Kino i/QURAN PROJECT UHD BATCH 12/045 Al-Jathiyah_UHD_TEXTED.mov,8c9a5413-56f2-4843-8f43-4b7cae642a2f,true
Kino i/QURAN PROJECT UHD BATCH 12/044 Ad-Dukhan_UHD_TEXTLESS.mov,4a813bee-5c15-4af0-ab5c-73443113634f,true
Kino i/QURAN PROJECT UHD BATCH 12/044 Ad-Dukhan_UHD_TEXTED.mov,34add18d-4903-46e4-b64d-1e9c13434d63,true
Kino i/QURAN PROJECT UHD BATCH 12/043 Az-Zukhruf_UHD_TEXTLESS.mov,39964b7c-fcdf-44dc-bd5a-adb09ff9b4b7,true
Kino i/QURAN PROJECT UHD BATCH 12/042 Ash-Shuraa_UHD_TEXTLESS.mov,b05c6046-b25a-422e-a60f-ca891ccd9ef1,true
Kino i/QURAN PROJECT UHD BATCH 12/043 Az-Zukhruf_UHD_TEXTED.mov,39d89bd9-4fe7-420e-8608-e1e40b0bf945,true
Kino i/QURAN PROJECT UHD BATCH 12/042 Ash-Shuraa_UHD_TEXTED.mov,eef2b5d5-f702-4acb-891b-9825b8a8b1f0,true
Kino i/QURAN PROJECT UHD BATCH 12/041 Fussilat_UHD_TEXTLESS.mov,a78b0848-cae1-4671-b06f-6d1c616ad789,true
Kino i/QURAN PROJECT UHD BATCH 12/041 Fussilat_UHD_TEXTED.mov,c9a1c003-5977-4a70-a6cb-52a5a5f41708,true
Kino i/QURAN PROJECT UHD BATCH 27/112 Al-Ikhlas_UHD_TEXTLESS.mov,83f121b6-f90e-4521-bfd8-a4e9c771dcba,true
Kino i/QURAN PROJECT UHD BATCH 27/112 Al-Ikhlas_UHD_TEXTED.mov,1440354f-e409-41b8-8f0d-bb24d7c60a7b,true
Kino i/QURAN PROJECT UHD BATCH 27/113 Al-Falaq_UHD_TEXTLESS.mov,732f59aa-2876-4387-99f8-f8fae4b03b49,true
Kino i/QURAN PROJECT UHD BATCH 27/113 Al-Falaq_UHD_TEXTED.mov,f59c27e1-a5b2-4e43-80a5-e17d7a993988,true
Kino i/QURAN PROJECT UHD BATCH 27/114 An-Nas_UHD_TEXTLESS.mov,75296624-5a2d-4c65-b122-12b5a1280250,true
Kino i/QURAN PROJECT UHD BATCH 27/114 An-Nas_UHD_TEXTED.mov,29c25c8f-9dad-4a56-a616-8b596e5104d1,true
Kino i/QURAN PROJECT UHD BATCH 27/111 Al-Masad_UHD_TEXTLESS.mov,36a32139-d496-4863-9ae2-56d141821509,true
Kino i/QURAN PROJECT UHD BATCH 27/111 Al-Masad_UHD_TEXTED.mov,dab85f7b-921a-4e6e-b9ac-10eaeba0768c,true
Kino i/QURAN PROJECT UHD BATCH 13/050 Qaf_UHD_TEXTLESS.mov,ddec545d-7ce8-402d-94f3-7d9be1564974,true
Kino i/QURAN PROJECT UHD BATCH 13/050 Qaf_UHD_TEXTED.mov,d585f6a2-f0d3-4112-898c-b62dcdc46627,true
Kino i/QURAN PROJECT UHD BATCH 13/049 Al-Hujurat_UHD_TEXTLESS.mov,e7e935ed-9b4b-46cd-a248-2e9ea74a54c7,true
Kino i/QURAN PROJECT UHD BATCH 13/049 Al-Hujurat_UHD_TEXTED.mov,af06996a-2c81-4bbe-bbcc-d16dcaa9635c,true
Kino i/QURAN PROJECT UHD BATCH 13/048 Al-Fath_UHD_TEXTLESS.mov,fc8b7b41-4ce4-454b-bf5d-d8bfd1fae1c2,true
Kino i/QURAN PROJECT UHD BATCH 13/048 Al-Fath_UHD_TEXTED.mov,788f55b4-6e7b-47f9-9b3e-387c67570bbe,true
Kino i/QURAN PROJECT UHD BATCH 13/047 Muhammad_UHD_TEXTLESS.mov,cd5b4e9f-aa61-4350-b9b0-6961a527a3aa,true
Kino i/QURAN PROJECT UHD BATCH 13/047  Muhammad_UHD_TEXTED.mov,6345907a-dfa0-4bb1-9992-b1448d1e2839,true
Kino i/QURAN PROJECT UHD BATCH 13/046 Al-Ahqaf_UHD_TEXTLESS.mov,6fa60a81-48dc-43cb-9a54-7b8de0501e1a,true
Kino i/QURAN PROJECT UHD BATCH 13/046 Al-Ahqaf_UHD_TEXTED.mov,c5a60c04-da2f-4ea3-bc46-3e0819c6142a,true
Kino i/QURAN PROJECT UHD BATCH 11/040 Ghafir_UHD_TEXTLESS.mov,e8df1473-6538-411b-a76b-f4861447d6fd,true
Kino i/QURAN PROJECT UHD BATCH 11/040 Ghafir_UHD_TEXTED.mov,c41d47f7-4dd3-4426-92ec-10896b59b8c6,true
Kino i/QURAN PROJECT UHD BATCH 11/039 Az-Zumar_UHD_TEXTLESS.mov,a7d7b639-7b04-415b-b21a-546cb7ac57f9,true
Kino i/QURAN PROJECT UHD BATCH 11/039 Az-Zumar_UHD_TEXTED.mov,4e0a2960-6f14-4617-ab83-676a3d61fda0,true
Kino i/QURAN PROJECT UHD BATCH 11/038 Sad_UHD_TEXTLESS.mov,948e41e7-95e4-4b8f-8682-59627a4c7f3f,true
Kino i/QURAN PROJECT UHD BATCH 11/038 Sad_UHD_TEXTED.mov,6f2dab0b-ee5f-424f-a2e8-77cdeb975611,true
Kino i/QURAN PROJECT UHD BATCH 11/037 As-Saffat_UHD_TEXTLESS.mov,bc87b332-2774-473e-b0b1-5a1ca21b9c6d,true
Kino i/QURAN PROJECT UHD BATCH 11/037 As-Saffat_UHD_TEXTED.mov,41b275e1-ff10-4777-83a8-4fbe15b2668e,true
Kino i/QURAN PROJECT UHD BATCH 11/036 Yaseen_UHD_TEXTLESS.mov,41ad86b3-2b47-4d79-9e35-671317dd3bd2,true
Kino i/QURAN PROJECT UHD BATCH 11/036 Yaseen_UHD_TEXTED.mov,5cc839fc-8ba4-4701-84ee-3c3ab8a3e62c,true
Kino i/QURAN PROJECT FHD BATCH 4/SURAH 23/23 Surah Al-Mu'minun_SRT_English.srt,413664e3-36cf-4db2-b6e6-f44344e076ef,true
Kino i/QURAN PROJECT FHD BATCH 4/SURAH 23/FHD/23 Surah Al-Mu'minun_FHD_TEXTLESS.mov,3612225f-a2f0-4ada-b7e8-87d3d86afb91,true
Kino i/QURAN PROJECT FHD BATCH 4/SURAH 23/FHD/23 Surah Al-Mu'minun_FHD_TEXTED.mov,2833d14a-5180-4adb-9e94-71d7b152cd99,true
Kino i/QURAN PROJECT FHD BATCH 4/SURAH 23/Thumbnails Surah 23/9. SURAH-23_text_thumbnails_image_large.png,bbd2be0d-b24d-42b7-b3e2-589d88aeef45,true
Kino i/QURAN PROJECT FHD BATCH 4/SURAH 23/Thumbnails Surah 23/8. SURAH-23_thumbnails_image_small.jpg,74d55ba3-92c8-4237-baee-2806b5e0be54,true
Kino i/QURAN PROJECT FHD BATCH 4/SURAH 23/Thumbnails Surah 23/7. SURAH-23_thumbnails_image_large.jpg,15ca9426-45bc-4466-aa52-acd08fe71162,true
Kino i/QURAN PROJECT FHD BATCH 4/SURAH 23/Thumbnails Surah 23/6. SURAH-23_episodic_thumbnails_image_small.jpg,5252124a-0e45-4af2-8ed0-38c768e3e26c,true
Kino i/QURAN PROJECT FHD BATCH 4/SURAH 23/Thumbnails Surah 23/5. SURAH-23_episodic_thumbnails_image_large.jpg,f94269bc-76a3-4a91-98b4-2dfcc2218f1b,true
Kino i/QURAN PROJECT FHD BATCH 4/SURAH 23/Thumbnails Surah 23/10. SURAH-23_text_thumbnails_image_small.png,8d551b5c-3d91-43de-a309-4b5715ec8177,true
Kino i/QURAN PROJECT UHD BATCH 1/002 Al-Baqarah_UHD_TEXTLESS.mov,49903be3-e512-4741-91fb-8eed5bd43213,false
Kino i/QURAN PROJECT UHD BATCH 1/002 Al-Baqarah_UHD_TEXTED.mov,d467181f-4fd0-4617-a2f0-58fdbd4e0d94,false
Kino i/QURAN PROJECT UHD BATCH 1/001 AL-FATIHAH_UHD_TEXTLESS.mov,37f4f218-cf8a-415f-a84b-d6d8d30dd9c9,true
Kino i/QURAN PROJECT UHD BATCH 1/001 AL-FATIHAH_UHD_TEXTED.mov,0b7fbad1-c007-4770-9aa6-00514c1fc3ad,true